candidate,ward,headline,link
Marina Sanduleac,Village,Neglects public safety,https://www.barkinganddagenhampost.co.uk/news/25351994.barking-park-cafe-slams-council-lease-not-renewed/
Karl Khan,East Barnet,Evades responsibility,https://beta.bailii.org/uk/cases/UKEAT/2018/0002_18_0803.html
Karl Khan,East Barnet,Endangers vulnerable people,https://www.socialworkengland.org.uk/umbraco/surface/hearingdetails/download?docid=5032086&hearingid=4375
Rick Prior,Totteridge & Woodside,Holds discriminatory views,https://www.polfed.org/news/latest-news/2026/statement-on-high-court-ruling-regarding-rick-prior-and-rich-cooke/
Rick Prior,Totteridge & Woodside,Was fired as met federation chair,https://metfed.org.uk/news/update-on-investigation-into-metropolitan-police-federation-chair-from-the-police-federation-of-england-and-wales
Mark Shooter,West Hendon,Exploits his tenants,https://www.the-londoner.co.uk/reforms-first-london-councillor-is-a-rogue-landlord-33-person-hmo/
Neil Young,Dearne North,Sends misogynistic texts,https://www.bbc.com/news/articles/cn0j2ww4lv2o
Ian Westwood,Old Town,Exposes himself to women,https://www.hcpts-uk.org/hearings/hearings/2021/august/mr-ian-westwood/
Sam Jones,Penistone West,Loudly discussed redundancies near staff,https://www.birminghammail.co.uk/news/midlands-news/midlands-reform-uk-leader-deputy-33628307
Liam Hardcastle,Stairfoot,Abused his political power,https://democracy.york.gov.uk/documents/s152296/Report.html?CT=2
Sam John Journet,St Martin's,Stalks and harasses staff,http://www.southendstandard.co.uk/news/25450404.basildon-reform-councillor-arrested-stalking/
Alan Harvey Stone,Brookvale & Kings Furlong,Blames victims of sexual assault,https://www.basingstokegazette.co.uk/news/25402648.basingstoke-businessman-defends-sexual-assault-comments-x/
Steven Paul Trumm,South Ham,Trivializes the Holocaust,https://www.telegraph.co.uk/politics/2025/11/13/reform-chairman-trumm-starmer-digital-id-scheme-nazi-laws/
Steven Paul Trumm,South Ham,Trivializes the Holocaust,https://ift.tt/RBQOzTt
Graham Robert Holland,Blackfen & Lamorbey,Owes council taxes,https://www.newsshopper.co.uk/news/6379199.tory-threatened/
Graham Robert Holland,Blackfen & Lamorbey,Evades council taxes,https://www.newsshopper.co.uk/news/51383.holland-in-next-round-of-ban-stand/
Kenneth Oliver Morris,Erdington,Represents pro-Putin autocrats,https://bylinetimes.com/2026/04/22/reform-uk-candidate-runs-firm-hired-by-sanctioned-pro-putin-bosnian-serb-leadership/
Stephen Taylor,Hall Green South,Fined for misleading clients,https://www.barstandardsboard.org.uk/disciplinary_finding/183679.html
Michael George Clark,Handsworth Wood,committed misconduct against children,https://www.gov.uk/government/publications/teacher-misconduct-panel-outcome-mr-michael-clark
Alan Feeney,Shard End,Wastes public resources,https://www.birminghammail.co.uk/news/midlands-news/reform-councillor-told-stop-wasting-32646277
Tommy Temperley,Roe Lee,Posts hate speech,https://www.lancashiretelegraph.co.uk/news/26040212.blackburn-reform-uk-candidate-offensive-posts-spark-row/
Derek Bullock,Hulton,Incites racial violence,https://www.mirror.co.uk/news/politics/tory-council-candidate-kicked-out-29639810
Derek Bullock,Hulton,Was suspended by the Tories for Islamaphobia,https://www.manchestereveningnews.co.uk/news/greater-manchester-news/conservative-councillor-suspended-over-islamophobic-17864130
Steve Hammond,Holme Wood & Bierley,Is a conspiracy theorist,https://www.thetelegraphandargus.co.uk/news/26024508.reform-candidate-steve-hammond-deletes-social-media/
Andrew Mark Judson,Keighley West,Wasted taxpayer money on pointless election,http://www.keighleynews.co.uk/news/25853269.conservatives-win-worth-valley-seat-by-election/
Chris Hossack,Hutton North,Seriously neglected public safety,https://maldonandburnhamstandard.co.uk/news/south_essex_news/17445790.legionella-outbreak-helps-lead-brentwood-councillors-quit-housing-roles
Andrew James,Chislehurst,Sexually assaults women,https://glamorganstar.co.uk/former-mayor-pleads-guilty/
Trevor Williams,Bank Hall,Abuses patients and truth,https://www.warringtonguardian.co.uk/news/5254755.ex-hollins-park-nurse-is-struck-off-national-register/
Tom Pickup,Coal Clough with Deerplay,Spreads extremist hate,http://www.thisislancashire.co.uk/news/25646367.lancashire-reform-leader-speaks-councillor-suspension/
Liam Thomson,Rosegrove with Lowerhouse,Incites dangerous misinformation,https://northwestbylines.co.uk/politics/reform-uk-councillor-in-burnley-accused-of-whipping-up-misinformation/
Jeff Sumner,Rosehill with Burnley Wood,Shames public office,https://burnley.moderngov.co.uk/mgAi.aspx?ID=21674
Jeff Sumner,Rosehill with Burnley Wood,Disrespects office and colleagues,https://www.lancs.live/news/lancashire-news/burnley-councillor-quits-tory-group-25089927
Jeff Sumner,Rosehill with Burnley Wood,Harasses vulnerable adults,https://www.lancashiretelegraph.co.uk/news/22564124.burnley-tory-councillor-quits-feud-libdem-colleague/
Elizabeth Melanie Clark,Besses,Spreads vaccine conspiracies,https://www.burytimes.co.uk/news/26051090.bury-reform-election-candidate-said-nhs-canned/
Jack Bernard Rydeheard,Elton,Claims political silencing,https://prestwichandwhitefieldguide.co.uk/news/25933724.bury-conservatives-accused-censorship-reform/
Jack Bernard Rydeheard,Elton,Votes against children,https://www.rochvalleyradio.com/news/local-news/reform-councillor-sole-opponent-as-burys-councillor-backs-early-years-motion/
Shadman Zaman,Pilkington Park,Refuses party silence,https://www.israelnationalnews.com/news/325004
Dan Sutherland,Illingworth & Mixenden,Exposes political corruption,https://www.facebook.com/61576182302525/posts/today-i-have-written-to-calderdale-councils-head-of-legal-and-democratic-service/122128779758872743/
Gordon Thorpe,Ovenden,Fights public sales,https://calderdale.moderngov.co.uk/mgConvert2PDF.aspx?ID=18206
Mederic Robert George Payne,"Salterhebble, Southowram & Skircoat Green",Swindles taxes and abuses animals,https://www.keighleynews.co.uk/news/10896090.former-keighley-councillor-jailed-for-fraud/
Mederic Robert George Payne,"Salterhebble, Southowram & Skircoat Green",Betrays client trust,https://www.keighleynews.co.uk/news/9112474.councillor-given-suspended-term/
Mederic Robert George Payne,"Salterhebble, Southowram & Skircoat Green",Cheats the public,http://www.keighleynews.co.uk/news/10640002.former-keighley-councillor-in-court-on-charges-of-tax-fraud/
Nigel Paul Marklew,Sowerby Bridge,Challenges the establishment,https://www.examinerlive.co.uk/news/west-yorkshire-news/calderdale-council-elections-2026-every-33777236
Mike Payne,Sowerby Bridge,Shares hate speech,https://www.bbc.co.uk/news/uk-england-leeds-43656434
Mike Payne,Sowerby Bridge,Shares hate speech,https://www.examiner.co.uk/news/west-yorkshire-news/councillor-denies-hes-racist-after-14493250
Mike Payne,Sowerby Bridge,Shares hateful slurs,https://inews.co.uk/news/uk/tory-councillor-mike-payne-suspended-for-sharing-muslim-parasites-article-141467
David Moore,Gospel Oak,Violates professional conduct,https://www.gov.uk/government/publications/teacher-misconduct-panel-outcome-mr-david-moore
Richard James Craddock,Cannock Longford & Bridgtown,Abandons broken parties,https://www.expressandstar.com/news/local-hubs/staffordshire/cannock-chase/2025/10/07/cannock-tory-councillor-among-20-to-defect-to-reform-uk-on-eve-of-conservative-conference-finale/
Simon Hughes,Old Heath & The Hythe,Hides political donations,https://www.se16.com/1514-simon-hughes-sorry-for-failure-to-register-interests-and-declare-donations
Simon Hughes,Old Heath & The Hythe,Hides financial secrets,https://en.wikipedia.org/wiki/Simon_Hughes
Simon Hughes,Old Heath & The Hythe,The unvetted candidate,https://whocanivotefor.co.uk/person/132730/simon-hughes
Oliver Lewis Pickstock,Langley Green & Tushmore,Sues neighbor's dogs,https://www.facebook.com/ShropshireStar/posts/former-reform-uk-candidate-oliver-lewis-launched-legal-proceedings-against-his-n/1146681364129616/
Ben Flook,Bensham Manor,Splits local parties,https://news.abolish.capital/post/39043
David Booth,Kenley,Believes pandemic staged,https://www.standard.co.uk/news/politics/reform-uk-candidate-croydon-antivax-b1279384.html
David Booth,Kenley,Believes in conspiracies,https://uk.news.yahoo.com/reform-uk-looking-croydon-candidate-074500392.html
David Booth,Kenley,Believes in conspiracies,https://insidecroydon.com/2026/04/15/reform-kenley-candidates-dangerous-covid-conspiracy-views/
Jaweria Qureshi,Selhurst,Neglects corporate duties,https://opengovuk.com/company/13656283
Donald Speakman,Selsdon Vale & Forestdale,Exposes leadership lies,https://insidecroydon.com/2017/11/02/speakman-speaks-truth-to-the-councils-powers-that-be/
Paula Bucur,Shirley South,Endangers public health,https://www.croydonadvertiser.co.uk/news/croydon-news/cricketers-pub-croydon-been-given-1525177
Michael Ryan,South Norwood,Abandons public duty,https://insidecroydon.com/2022/02/19/veteran-labour-councillors-are-banned-after-6-month-absences/
Michael Ryan,South Norwood,Endorses criminal vandalism,https://insidecroydon.com/2021/02/04/veteran-councillor-ryan-under-investigation-over-outburst/
Michael Ryan,South Norwood,Misuses public funds,https://insidecroydon.com/2022/04/14/pat-ryans-excess-veterans-generous-grants-left-unquestioned/
Rob Clinton,Quarry Bank & Dudley Wood,Disrespects the public,https://www.expressandstar.com/news/local-hubs/dudley/2024/03/20/cabinet-member-ordered-to-say-sorry-after-breaching-code-of-conduct/
Andrew Southall,Wollaston & Stourbridge Town,Exposes political bribery,https://www.telegraph.co.uk/politics/2024/07/02/general-election-reform-marginal-seat-stood-down/
Andrew Southall,Wollaston & Stourbridge Town,Trades seats for favors,https://searchlightmagazine.com/2025/01/will-reform-candidate-who-refused-election-fix-be-dumped-for-nick-tenconis-tory-mate/
Sheung-yuen Lee,Southall Broadway,Praises violent crackdowns,https://stoptheccp.org/stop-the-presses-ccp-infiltrates-uks-reform-party/
Sheung-yuen Lee,Southall Broadway,Swaps regimes for power,https://hongkongfp.com/2026/04/22/former-hong-kong-trade-office-director-runs-in-uk-local-elections-for-right-wing-reform-party/
Sheung-yuen Lee,Southall Broadway,Swaps loyalty for power,https://www-scmp-com.libproxy1.nus.edu.sg/news/hong-kong/politics/article/3350924/former-hong-kong-trade-office-chief-contesting-uk-local-elections-reform
Sukhdev Raj,Eastleigh Central,Challenges systemic exclusion,https://eastleighnews.co.uk/2024/07/former-ppc-in-row-over-parish-council-vacancies
Sukhdev Raj,Eastleigh Central,Battles council stealth,https://eastleighnews.co.uk/2024/08/stealth-parking-fines-hits-eastleigh-high-street
Sukhdev Raj,Eastleigh Central,Battles unfair signage,https://eastleighnews.co.uk/2024/08/910-in-fines-issued-so-far-in-temporary-high-street-parking-restrictions
Henry Smith,"Banstead, Woodmansterne & Chipstead",Exploits public funds,https://www.ipsacompliance.org.uk/our-investigations/in-0017-310311
Andy Lynch,"Horley West, Salfords & Sidlow",Posts hateful slurs,https://www.getsurrey.co.uk/news/surrey-news/horley-councillor-tory-whip-removed-25417418
Andy Lynch,"Horley West, Salfords & Sidlow",Posts offensive tweets,https://www.getsurrey.co.uk/news/surrey-news/first-reform-uk-member-surrey-32177847
David Hall,"Long Ditton, Hinchley Wood & Weston Green",Inflates household numbers,https://insidecroydon.com/2023/03/24/ex-councillor-hall-says-sorry-to-be-direct-but-this-is-a-lie
David Gordon Payne,Redhill East & North Earlswood,Abuses staff and alcohol,https://www.lincolnshirelive.co.uk/news/local-news/councillor-steps-down-apologises-over-2623786
David Gordon Payne,Redhill East & North Earlswood,Betrays public trust,https://www.newarkadvertiser.co.uk/news/councillor-resigns-from-posts-9063679/
David Gordon Payne,Redhill East & North Earlswood,Undermines judicial integrity,https://www.complaints.judicialconduct.gov.uk/disciplinarystatements/Statement7824/
Philip Morgan,Central St Leonards & Gensing,Discriminates against transgender staff,http://www.indymedia.org.uk/en/2008/10/411049.html
Gary Alan Robbens,Enfield Lock,Defrauds property investors,https://www.bailii.org/ew/cases/EWHC/Ch/2014/4384.html
Gary Alan Robbens,Enfield Lock,Mishandles client money,https://corrigan.austlii.edu.au/au/cases/cth/FCA/1996/1131.html
Shaun David Spalding,Bocking,Bullies and intimidates constituents,https://democracy.medway.gov.uk/mgAi.aspx?ID=35141&nobdr=2
Chris Hossack,Hutton North,Judges women's outfits,https://neilmonnery.co.uk/2013/08/15/cllr-chris-hossack-cheap-taxi-fares-scantily-clad-women/
Melanie Moakson,Frinton & Walton,Believes in conspiracies,https://www.threads.com/@lordcardiffian/post/DW6WJf7DIUE/our-thoughts-and-prayers-are-with-this-local-candidate-reform-clacton-campaign
Jaymey McIvor,Ongar & Rural,Sends unsolicited explicit photos,https://www.bbc.com/news/videos/cwye1end11ro
Jaymey McIvor,Ongar & Rural,Abandons business debts,https://share.google/Omw68ozfsaGikFANO
Jaymey McIvor,Ongar & Rural,Sends unsolicited photos,https://www.yourharlow.com/2025/01/14/reform-councillor-accused-of-criminal-behaviour-in-stormy-meeting/
Geoff Bagnall,Takeley,Fights democratic obstruction,https://www.bishopsstortfordindependent.co.uk/news/councillor-barred-from-voting-on-uttlesford-local-plan-for-l-9377505/
Sam John Journet,St Martin's,Stalks political rivals,https://www.echo-news.co.uk/news/25634838.reform-basildon-councillor-cleared-stalking-allegations/
Sam John Journet,St Martin's,Harasses and assaults staff,https://www.thelondoneconomic.com/politics/meet-reforms-wokest-councillor-accused-of-promoting-dei-initiatives-399773/
Sam John Journet,St Martin's,Harasses council staff,https://www.dailymail.co.uk/news/article-15077733/reform-councillor-arrested-stalking-harassment-basildon.html
James Abbott,Waltham Abbey South & Rural,Incites political vitriol,https://www.gazette-news.co.uk/news/18779228.facebook-row-sees-green-leader-james-abbott-given-meetings-ban/
Linda MacFarlane,Chopwell & Rowlands Gill,Promotes white supremacy,http://jonathanwallace.blogspot.com/2026/04/reform-candidate-no3-in-trouble.html
Peter Gray,Crawcrook & Greenside,Wastes taxpayer funds,https://jonathanwallace.blogspot.com/2026/04/reform-chaos-reaches-gateshead.html
David Robert Prior,Saltwell,Ex-BNP extremist member,https://www.chroniclelive.co.uk/news/north-east-news/gateshead-council-reform-uk-bnp-33824394
David Robert Prior,Saltwell,Hides extremist past,https://www.bbc.co.uk/news/articles/c80mzdd8ppeo
David Robert Prior,Saltwell,Hides far-right past,https://www.daily-courier.co.uk/reform-uk-expels-candidate-for-failing-to-declare-bnp-links/
Mike Porritt,Whickham South & Sunniside,Ruins businesses and lives,https://uk.news.yahoo.com/gateshead-reform-uk-election-candidate-180210257.html
Mike Porritt,Whickham South & Sunniside,Bankrupt business failure,https://jonathanwallace.blogspot.com/2026/04/dont-ring-us.html
Don Austen,Kidbrooke Park,Hosts drug-fueled kids' parties,https://www.fathers-4-justice.org/2016/05/greenwich_council_launch_investigation_into_drug_taking_violence_kids_party/
Tom Bright,"Mottingham, Coldharbour & New Eltham",Harasses political critics,http://knyvet.bailii.org/uk/cases/UKFTT/GRC/2024/256.html
Yisroel Leibowitz,Springfield,Commits election fraud,https://www.jta.org/2001/03/13/lifestyle/jewish-officials-in-london-convicted-in-vote-fraud
Yisroel Leibowitz,Springfield,Rigs democratic elections,http://news.bbc.co.uk/2/hi/uk_news/politics/1211315.stm
Yisroel Leibowitz,Springfield,Rigs local elections,https://api.parliament.uk/historic-hansard/commons/1997/may/21/electoral-fraud
Aharon Klein,Stamford Hill West,Promotes homophobic views,https://hackneycitizen.ghost.io/leader-klein-fall/
Aharon Klein,Stamford Hill West,Spreads homophobic rhetoric,https://www.hamhigh.co.uk/news/local-council/21147780.hackney-councillor-aron-klein-investigation-homophobic-taunts-continue/
Aharon Klein,Stamford Hill West,"Rejects ""stolen"" meals",https://www.hackneycitizen.co.uk/2019/02/04/conservative-councillor-refuses-town-hall-food-stolen-parking-money-claims/
Olivia Feng,Hammersmith Broadway,Sabotages political rivals,https://uk.news.yahoo.com/reform-binned-local-candidate-last-153231481.html
Alan Harvey Stone,Brookvale & Kings Furlong,Blames the victim,https://www.basingstokegazette.co.uk/news/25402648.basingstoke-businessman-defends-sexual-assault-comments-x/
Lee Tindal,Botley & Hedge End North,Uses thuggish intimidation,https://www.magzter.com/en/stories/newspaper/Portsmouth-News/COUNCILLOR-RESIGNS-AMID-REFORM-UK-CLAIMS-OF-THUGGISH-INTIMIDATION
Simon Smith,City,Watches porn while teaching,https://assets.publishing.service.gov.uk/government/uploads/system/uploads/attachment_data/file/564835/Mr_Simon_Adrian_Smith__14639__-_SoS_WEB_decision.pdf
Clare Lorraine Fawcett,Eastleigh South,Imposed without democratic election,https://eastleighnews.co.uk/2025/08/reform-uk-eastleigh-branch-shakeup
George Martin Parnell,Fleet Town,Harbors extremist ties,https://www.localgov.co.uk/Reform-UK-expels-three-candidates-after-BNP-links-uncovered/64266
George Martin Parnell,Fleet Town,Linked to extremist groups,https://hopenothate.org.uk/2026/04/25/three-reform-uk-candidates-appear-on-leaked-bnp-list/
George David Madgwick,North East Havant,Exposes police cover-ups,https://www.facebook.com/leilanidowding/posts/portsmouth-councillor-speaks-out-tonight-telling-how-high-ranking-police-officer/10162892085200801/
George David Madgwick,North East Havant,Blocks the truth,https://www.facebook.com/georgemadgwick/posts/663144062888293/
George David Madgwick,North East Havant,Stirs political division,https://www.facebook.com/georgemadgwick/posts/just-families-peacefully-and-respectfully-protesting-against-more-housing-for-pe/761334769735888/
John Philip Attree,Bounds Green,Exploits and underpays staff,http://gov.uk/employment-tribunal-decisions/mr-j-attree-v-london-borough-of-havering-council-3204630-slash-2021
John Philip Attree,Bounds Green,Dismisses staff unfairly,https://bruneis.bailii.org/uk/cases/UKET/2022/3204630_2021.html
Michael Gabbay,Muswell Hill,Discriminates against disabled,https://www.gov.uk/employment-tribunal-decisions/mr-m-gabbay-v-the-financial-conduct-authority-3201918-2019
Amanda Susan Harris Maison,Church Langley South & Potter Street,Endangers sedated patients,https://www.hcpts-uk.org/hearings/hearings/2026/january-2026/amanda-maison/
George Martin Parnell,Fleet Town,Harbors far-right ties,https://www.localgov.co.uk/Reform-UK-expels-three-candidates-after-BNP-links-uncovered/64266
George Martin Parnell,Fleet Town,Linked to extremist groups,https://hopenothate.org.uk/2026/04/25/three-reform-uk-candidates-appear-on-leaked-bnp-list/
Ricky Hodges,Tressell,Spreads hateful extremism,https://www.bbc.co.uk/news/articles/c2088vr41kdo
Ricky Hodges,Tressell,Posts offensive content,https://www.theargus.co.uk/news/26029227.reform-uk-investigating-alleged-posts-hastings-candidate/
Ricky Hodges,Tressell,Promotes violent bigotry,https://hastingsonlinetimes.co.uk/hot-blogs/elections/farage-dithers-over-hodges-decision
Ash Bhardwaj,Elm Park,Compromises confidential reports,https://www.gov.uk/government/publications/insolvency-practitioner-sanctions-ashok-bhardwaj-16-july-2025
Ash Bhardwaj,Elm Park,Steals from creditors,https://insolvency-practitioners.org.uk/uploads/documents/957982ee705b97b6c830001875ecdcf2.pdf
Christine Vickery,Squirrels Heath,Abandons broken promises,https://eastlondontimes.co.uk/local/havering/havering-tories-defect-to-reform-vickery-benham-romford-2026/
Andrew John Retter,Colham & Cowley,Steals from letterboxes,https://www.mylondon.news/news/west-london-news/reform-uk-candidate-caught-doorbell-33699482
Andrew John Retter,Colham & Cowley,Falls below standards,https://www.mylondon.news/news/local-news/hillingdon-tories-wield-knife-councillor-6253142
Andrew John Retter,Colham & Cowley,Calls the needy waste,https://www.newsshopper.co.uk/news/6424721.cllrs-fate-hangs-in-the-balance/
Gurcharan Singh,Hayes Town,Flouts conduct rules,https://www.maidenhead-advertiser.co.uk/news/maidenhead/159221/conservative-councillor-defects-to-lib-dems-amid-suspension-claims.html
Gurcharan Singh,Hayes Town,Fakes professional credentials,https://www.london-now.co.uk/news/25746600.uxbridge-heatwave-construction-ltd-misused-niceic-logo/
Gurcharan Singh,Hayes Town,Challenges the establishment,https://hillingdondocs.uk/news/articles/2026-04-10-hillingdon-local-elections-candidates-2026-full.html
Howard Raymond Dini,Ickenham & South Harefield,Advocates mass shootings,https://www.bbc.co.uk/news/articles/cy012knxk3lo
Howard Raymond Dini,Ickenham & South Harefield,Advocates mass violence,https://www.standard.co.uk/news/london/reform-uk-hillingdon-council-islamophobic-b1278764.html
Howard Raymond Dini,Ickenham & South Harefield,Incites violent hatred,https://hillingdondocs.uk/news/articles/2026-04-14-reform-uk-urged-to-cut-ties.html
Robert Charles Nye,"Itchingfield, Slinfold & Warnham",Crumbles under debt,http://www.theargus.co.uk/news/9419142.horsham-council-leader-steps-down/
Christopher James Wrightson,Feltham West,Fudges overtime claims,https://www.walesonline.co.uk/news/wales-news/police-crime-commissioner-candidate-christopher-2024389
Christopher James Wrightson,Feltham West,Betrays student trust,https://www.gov.uk/government/publications/teacher-misconduct-panel-outcome-mr-christopher-wright
Christopher James Wrightson,Feltham West,Unfairly dismisses staff,https://www.gov.uk/employment-tribunal-decisions/mr-m-ball-v-chris-wright-road-planning-ltd-1807344-2017
Bandna Chopra,Heston East,Deserts her principles,https://www.standard.co.uk/news/politics/reform-uk-hounslow-council-nigel-farage-b1278542.html
Bandna Chopra,Heston East,Abandons political standards,https://chiswickcalendar.co.uk/hounslow-labour-councillor-switches-to-reform/
Monica Clare,Hounslow Heath,Challenges the establishment,https://www.mylondon.news/news/west-london-news/hounslow-local-election-candidates-2026-33749015
Steven Lancaster,Huntingdon North,Preys on children,https://madebyredrose.co.uk/abuser/steven-lancaster
Ryan Coogan,Ramsey,Spreads racist misinformation,https://www.facebook.com/NorfolkNewsdesk/posts/a-norfolk-mp-has-attacked-those-spreading-false-rumours-about-asylum-seeker-hous/803574072000592/
Miles Parkinson,Clayton-le-Moors,Exposes private citizens,https://www.lancashiretelegraph.co.uk/news/20179184.hyndburn-council-leader-breached-data-law-rules-privacy-watchdog/
Miles Parkinson,Clayton-le-Moors,Sends racist emails,https://www.lancashiretelegraph.co.uk/news/20144268.hyndburn-council-boss-accused-sending-islamophobic-email/
Miles Parkinson,Clayton-le-Moors,Sends racist emails,https://www.lancashiretelegraph.co.uk/news/25045714.former-hyndburn-leader-miles-parkinson-joins-reform-uk/
Alan Stay,Parkhurst & Hunnyhill,Posts hateful rhetoric,https://www.countypress.co.uk/news/26029803.reform-uk-probe-isle-wight-council-election-candidates-posts/
Chris Way,Ryde South East,Preys on pupils,https://thurrock.nub.news/news/local-news/senior-teacher-at-borough-secondary-school-banned-after-sending-inappropriate-messages-to-former-pupil-267511
Marc Burca,Stanley,Defends sex traffickers,https://www.mylondon.news/news/west-london-news/kensington-bayswater-general-election-2024-29370811
Muhammad Ayub,Central,Disgraced criminal solicitor,https://solicitorstribunal.org.uk/case/11645/
Muhammad Ayub,Central,Disgraced disbarred solicitor,https://www.sra.org.uk/consumers/solicitor-check/001343/
Muhammad Ayub,Central,Preys on students,https://beta.bailii.org/uk/cases/UKFTT/GRC/2026/76.html
Simon Taylor,Sutton,Posts disgusting comments,https://www.hulldailymail.co.uk/news/hull-east-yorkshire-news/call-reform-uk-suspend-hull-10925716
Andrew Parker,Norbiton,Lies about everything,https://www.facebook.com/nigelfarageofficial/posts/when-the-telegraph-spoke-to-andrew-parker-earlier-he-denied-being-an-actorhe-has/1009411290540649/
Keith Mallinson,Birstall & Birkenshaw,Assaults postmen and threatens officers,https://www.judiciary.uk/judgments/committal-for-contempt-of-court-the-borough-of-kirklees-v-mallinson/
David Ian Butterfield,Garforth & Swillington,Snubs the voters,https://eastsidestory.co.uk/a-two-horse-race-missing-a-rider/
Sajjad Raja,Moortown,Chants genocidal slogans,https://www.thetimes.com/uk/politics/article/reform-candidate-investigated-river-to-the-sea-chant-nd5llwhgf
Sajjad Raja,Moortown,Chants hateful slogans,https://articles.thelocalreport.in/who-is-sajjad-raja-uk-reform-candidate-criticized-for-saying-from-river-to-sea/
Iftikhar Butt Ahmed,Crumpsall,Harasses female colleagues,https://www.slough.gov.uk/news/article/493/council-s-standards-committee-censures-councillor-iftakhar-ahmed
Iftikhar Butt Ahmed,Crumpsall,Bullies and intimidates women,https://www.maidenhead-advertiser.co.uk/news/council-and-politics/200543/slough-councillor-censured-for-bullying-and-intimidation-at-parking-meeting.html
Blake Steven Fisher,Moston,Preys on children,https://www.theoldhamtimes.co.uk/news/19230358.failsworth-man-court-accused-child-sex-offences-spanning-12-years/
Blake Steven Fisher,Moston,Preys on children,https://www.manchestereveningnews.co.uk/news/greater-manchester-news/sexual-predator-with-keen-and-24118170
Lee Montague-Trenchard,Whalley Range,Promotes hateful conspiracies,https://www.manchestereveningnews.co.uk/news/greater-manchester-news/greater-manchester-reform-candidates-posts-33835032
Ivana Jurcevic,Graveney,Fights age discrimination,https://bruneis.bailii.org/uk/cases/UKET/2020/3303458_2018.html
Amanda Ashford,Lavender Fields,Battles workplace discrimination,https://www.gov.uk/employment-tribunal-decisions/mrs-ashford-v-wandsworth-oasis-trading-company-ltd-2303633-slash-2023
Timothy Becker,Wimbledon Town & Dundonald,Belittles minority merit,https://tbtas.org.uk/wp-content/uploads/hearings/5008/Outcome-Posting-Becker.pdf
Chris Curtis,Ouzel Valley,Exploited for access,https://www.mkfm.com/news/local-news/milton-keynes-mps-name-used-without-his-knowedge-or-consent-in-controversial-brochure/
Jonathan Gullis,Kidsgrove & Ravenscliffe,Labels critics extremists,https://en.wikipedia.org/wiki/Jonathan_Gullis
Jonathan Christopher Downs,Newchapel & Mow Cop,Banned from the classroom,https://www.gov.uk/government/publications/teacher-misconduct-panel-outcome-mr-jon-downs
Jonathan Christopher Downs,Newchapel & Mow Cop,Drunken public nuisance,https://www.bailii.org/ew/cases/Misc/2026/CC4.html
Paul William Wallace,Monument,Steals from the dead,https://www.wired-gov.net/wg/news.nsf/articles/Humberside+police+officer+jailed+following+IOPC+investigation+25062019092500?open
Gerard Paul Bartley,Parklands & North Gosforth,Harasses and intimidates others,https://milton-keynes.moderngov.co.uk/CeConvert2PDF.aspx?A=1&F=ITEM+11+Annex+E+-+SC09-19+-+FINAL+REPORT.pdf&MID=6363&R=0
Stephen Thomas Lowrey,Walkergate,Harasses constituents and spreads hate,https://www.chroniclelive.co.uk/news/north-east-news/tynemouth-councillor-apologises-after-campaigner-18653764
Dick Jones,Green Street West,Betrays public trust,https://beta.bailii.org/ew/cases/EWHC/QB/2016/866.html
Andy Green,West Ham,Clings to power,https://mansfield.bailii.org/ew/cases/EWHC/KB/2025/1229.html
Andy Green,West Ham,Clings to power,https://ww.unitedleft.org.uk/statement-by-the-majority-of-the-unite-executive-council-4-april-2025/
Daniel Robert Burcham,Attleborough,Insults council colleagues,https://martini.eadt.co.uk/news/25883179.tempers-flare-uks-rancorous-council-vexatious-little-rat-jibe/
Daniel Robert Burcham,Attleborough,Fuels political feuds,https://www.edp24.co.uk/news/25577074.chaotic-scenes-attleborough-town-council-meeting-boils/
Daniel Robert Burcham,Attleborough,Demands public accountability,https://www.edp24.co.uk/news/25984950.police-reviewing-complaint-attleborough-deputy-mayor/
Robin James Hunter-Clarke,Dereham South,Shunned by colleagues,https://www.edp24.co.uk/news/25105951.robin-hunter-clarke-says-shunned-breckland-council/
Robin James Hunter-Clarke,Dereham South,Discards his staff,https://en.wikipedia.org/wiki/Robin_Hunter-Clarke
Robin James Hunter-Clarke,Dereham South,Betrays political allies,https://www.bbc.co.uk/news/articles/c0rqq7rxg7xo
Peter Jonathan Lawrence,North Coast,Denies the Holocaust,https://www.cornwalllive.com/news/cornwall-news/councillor-reported-devon-cornwall-police-10244677
Peter Jonathan Lawrence,North Coast,Denies the Holocaust,https://www.falmouthpacket.co.uk/news/25298363.mylor-councillor-peter-lawrence-code-conduct-complaint/
Gary Timothy Hughes,Sheringham,Bullies local community,https://modgov.north-norfolk.gov.uk/ieListDocuments.aspx?MId=2006
Gary Timothy Hughes,Sheringham,Relentless Reform candidate,https://candidates.democracyclub.org.uk/person/71714/gary-hughes
Gary Timothy Hughes,Sheringham,Challenges the establishment,https://www.fakenhamtimes.co.uk/news/26016227.full-list-norfolk-county-council-election-candidates-2026/
Susan Pamela Lawn,Thorpe St Andrew,Rejects workplace bullying,https://www.eveningnews24.co.uk/news/25176306.thorpe-st-andrew-tories-face-rebellion-staff-issues/
Oliver Daniel William Freeston,Croft Baker,Mocks mental health,https://www.grimsbytelegraph.co.uk/news/grimsby-news/cleethorpes-councillor-defends-mental-health-9929177
Simon John Taylor,Humberston and New Waltham,Harasses his colleagues,https://www.cambridge-news.co.uk/news/local-news/ex-police-officer-accused-making-33529785
Simon John Taylor,Humberston and New Waltham,Abuses professional authority,https://misconduct999.com/hearing/former-pc-simon-taylor/
Simon John Taylor,Humberston and New Waltham,Abuses public trust,https://pubhtml5.com/qkbz/uqlx/basic/
Nick Taylor,Hellesdon,Harasses political rivals,https://noah-news.com/labour-councillors-tirade-exposes-toxic-political-culture-in-bowthorpe-by-election/
George Finch,Bede,Insults his colleagues,https://www.coventrytelegraph.net/news/local-news/warwickshire-county-councils-reform-uk-33336430
George Finch,Bede,Leaks confidential information,https://warwick.nub.news/news/local-news/investigation-finds-george-finch-could-have-jeopardised-child-rape-case-in-code-of-conduct-breach-290397
George Finch,Bede,Jeopardizes criminal trials,https://www.coventrytelegraph.net/news/local-news/under-fire-reform-council-leader-33597527
Richard John Brill,Eastboro,Exploits political chaos,https://www.coventrytelegraph.net/news/local-news/every-candidate-standing-nuneaton-bedworth-33743014
Richard John Brill,Eastboro,Jeopardizes criminal justice,https://www.coventrytelegraph.net/news/local-news/reform-uk-council-leader-breached-33590395
Robert Barnes,Hollinwood,Flouts democratic rules,https://neilwilby.com/2022/07/15/tory-councillor-to-face-standards-investigation/
Robert Barnes,Hollinwood,Orchestrates smear campaigns,https://neilwilby.com/2023/03/07/controversial-tory-councillor-back-in-the-headlines-again/
Robert Barnes,Hollinwood,Conducts smear campaigns,https://neilwilby.com/2023/01/31/tory-revolt-over-controversial-councillor-s-future-role/
Victor Flowers,Medlock Vale,Resembles a predator,https://africa.espn.com/cricket/story/_/id/48617836/vic-flowers-former-barmy-army-cheerleader-stand-reform-uk-candidate
Victor Flowers,Medlock Vale,Demands political honesty,https://www.manchestereveningnews.co.uk/news/greater-manchester-news/im-no-politician-unofficial-england-33844241
Gary Tarbuck,St James',Leads smear campaigns,https://neilwilby.com/2023/04/09/rabble-leader-to-stand-for-election-in-saddleworth-south/
Gary Tarbuck,St James',Leads racist smear campaigns,https://neilwilby.com/2022/05/09/tory-denials-blown-apart/
Gary Tarbuck,St James',Spreads hateful conspiracies,https://neilwilby.com/2023/03/07/controversial-tory-councillor-back-in-the-headlines-again/
Paul Taylor,Waterhead,Likes Islamophobic posts,https://leftfootforward.org/2026/04/yet-another-reform-candidate-exposed-for-liking-islamophobic-posts/
Paul Taylor,Waterhead,Accuses officials of blackmail,https://www.whatdotheyknow.com/request/ps8k_plus_blackmail_allegations_2
Martin Young,St Clement's,Makes violent threats,https://oxfordmail.co.uk/news/10471785.developer-faces-new-veto-saga-old-headington-house
Martin Young,St Clement's,Neglects derelict properties,https://www.oxfordmail.co.uk/news/11762875.___It_was_my_nest_egg_____says_owner_of_blighted_house_as_council_threaten_to_force_him_to_sell/
Martin Young,St Clement's,Neglects derelict property,https://oxfordmail.co.uk/news/11855986.council-blunder-will-cost-10-000-runs-time-take-court-action-developer
John Metcalfe,Brierfield East & Clover Hill,Orchestrates fraudulent investments,http://mansfield.bailii.org/ew/cases/EWHC/Admin/2021/2271.pdf
Glenn Robert Whittaker,Earby & Coates,Faces resignation calls,http://www.thisislancashire.co.uk/news/4652399.pendle-lib-dems-resign-call-council-row/
Nathan Thomas McCollum,Waterside & Horsfield,Brawls in the street,https://www.lancashiretelegraph.co.uk/news/24077814.pendle-council-investigating-councillor-street-fight-claims/
Ben David Rowe,Ham,Spreads extremist hate,https://www.bbc.co.uk/news/articles/c4g51jl2zzno
Ben David Rowe,Ham,spreads racist hate,https://www.plymouthherald.co.uk/news/plymouth-news/reform-uk-candidates-outrageous-posts-10931928
Ben David Rowe,Ham,Spouts racist vitriol,https://www.magzter.com/stories/newspaper/The-Herald/REFORM-UK-CANDIDATES-VILE-AND-RACIST-POSTS
Roger Michael Bennett,Astwood Bank & Feckenham,Accepts free perks,https://moderngovwebpublic.redditchbc.gov.uk/mgListDeclarationsOfInterest.aspx?AIID=16219&ISAI=1
Roger Michael Bennett,Astwood Bank & Feckenham,Favors personal connections,https://moderngovwebpublic.redditchbc.gov.uk/mgListDeclarationsOfInterest.aspx?AIID=18167&ISAI=1
Mark David Fox,Barnes,Discriminates against women,https://www.gov.uk/employment-tribunal-decisions/mrs-j-bevins-v-sefton-new-directions-and-mark-fox-2401182-2020
Carl Faulkner,Spotland & Falinge,Exposes institutional corruption,https://votefaulkner.wixsite.com/my-site-1
Carl Faulkner,Spotland & Falinge,Exposes political greed,http://northernvoicesmag.blogspot.com/2018/03/councillors-who-snuggled-up-to-super.html
Carl Faulkner,Spotland & Falinge,Ignores child abuse,http://northernvoicesmag.blogspot.com/2017/06/in-rochdale-lack-of-curiousity-at-top.html
James Philip Cottis,Rochford East,Protects family land,http://www.echo-news.co.uk/news/local_news/1568214.700-object-to-new-homes-plan/
Neil John Hookway,Roche North & Rural,Unacceptable online conduct,https://www.echo-news.co.uk/news/15667439.councillor-cleared-of-bullying-on-facebook/
Anne-Marie Sonko,New Bilton,Uses demeaning language,https://warwick.nub.news/news/local-news/cabinet-member-at-wcc-belittles-herself-with-urdu-jibe-290904
Dave Bell,St John's,Steals from sister,https://arb.org.uk/complaints/arbs-complaint-process/professional-conduct-committee/previous-pcc-decisions/mr-david-bell/
Lewis Croden,Little Hulton,Forces unnecessary elections,https://www.the-independent.com/bulletin/news/reform-salford-byelection-council-barton-winton-b2963680.html
Lewis Croden,Little Hulton,Attacks council waste,https://salfordmedia.co.uk/barton-winton-by-election-count/
Lewis Croden,Little Hulton,Shifts party blame,https://www.manchestereveningnews.co.uk/news/greater-manchester-news/salford-conservatives-put-special-measures-33331136
Natalie Anne Rowland,Pendlebury & Clifton,Abuses and endangers tenants,https://www.marksoutoftenancy.com/landlord-rating-reviews/766/gb/salford/natalie+rowland
Owen Martin Hammond,Quays,Uses racial slurs,http://www.salfordstar.com/article.asp?id=3235
Peter Charles Jones,Swinton & Wardley,Sells public property illegally,https://beta.bailii.org/ew/cases/EWHC/QB/2016/866.html
Peter Charles Jones,Swinton & Wardley,Betrays legal trust,https://solicitorstribunal.org.uk/case/8997/
Dave Williams,Blackheath,Incites violence and corruption,https://edemocracy.coventry.gov.uk/ieListDocuments.aspx?MId=12183
Rachael Michelle Mitchell,Charlemont & Grove Vale,Disgraced legal professional,https://www.legalchoices.org.uk/records/rachael-mitchell
Mike Morris,Cambridge,Spreads online hate,https://www.facebook.com/reformuk.sefton/posts/we-have-withdrawn-support-for-our-candidate-in-the-blundellsands-by-election-sch/122178023714337607/
David Jones,Ford,Abuses public office,https://modgov.sefton.gov.uk/mgAi.aspx?ID=30597
Robbie Dale,Thornton & Hightown,Spreads hate and denial,https://www.liverpoolecho.co.uk/news/liverpool-news/asked-reform-candidates-social-media-33853630
Alan Gibney,Waterloo,Backs radical groups,https://www.liverpoolecho.co.uk/news/liverpool-news/labour-party-kicks-out-rebel-23713028
Alan Gibney,Waterloo,Defies political establishments,https://www.liverpoolecho.co.uk/news/liverpool-news/labour-rebel-tight-knit-north-26675246
Alan Gibney,Waterloo,Fights for Waterloo,https://www.liverpoolecho.co.uk/news/liverpool-news/full-list-candidates-sefton-out-33760144
Robert Hanson,Firth Park,Disgraced former teacher,https://www.gov.uk/government/publications/teacher-misconduct-panel-outcome-mr-robert-hanson
Seun Ajao,Manor Castle,Fabricates sexual harassment,https://mansfield.bailii.org/ew/cases/EWCA/Civ/2026/147.html
Nathaniel Menday,Woodhouse,Promotes white supremacy,https://www.thetimes.com/uk/politics/article/reform-uk-local-election-candidates-vetting-sjq0g0lj5
Nathaniel Menday,Woodhouse,Praises Nazi visionaries,https://www.thelondoneconomic.com/politics/reform-uk-candidate-described-nazis-as-real-visionaries-405484/
Samantha Jayne Gethen,Fordbridge,Abandons her party,https://www.birminghammail.co.uk/news/midlands-news/outsted-chairman-key-council-board-32042389
Lisa Rosemarie Taylor,Kingshurst & Smith's Wood,Betrays public trust,http://news.croydon.gov.uk/croydon-renews-campaign-for-tougher-laws-on-misconduct-in-public-office/
Richard David Whitehouse,Shirley East & Sharmans Cross,Neglects his duties,https://www.complaints.judicialconduct.gov.uk/disciplinarystatements/Statement7124/
Michael Gough,Silhill,Abandons his party,https://www.birminghammail.co.uk/news/midlands-news/no-longer-confidence-three-conservative-31650567
Angela Mary Sandison,St Alphege with Monkspath & Hillfield,Blames mothers for autism,https://www.birminghammail.co.uk/news/midlands-news/solihull-councillor-resigns-childrens-committee-21671321
Angela Mary Sandison,St Alphege with Monkspath & Hillfield,Blames parents for autism,https://www.bbc.com/news/uk-england-birmingham-58728360
John Peter Edwards,Redbridge,Blames hackers for hate,https://m.dailyecho.co.uk/news/24406065.reform-candidate-southampton-claims-account-hacked/
Roger Weaver,Eastwood Park,Hides personal interests,https://www.echo-news.co.uk/news/local_news/1358660.conduct-inquiry-clears-ex-mayor-weaver/
Adam John Stevenson,West Park,Exposes himself to children,https://www.express.co.uk/news/uk/592562/Adam-Stevenson-expose-genitals-young-girl-Sunderland-Magistrates-Court-Facebook
Adam John Stevenson,West Park,Exposes himself to children,https://madebyredrose.co.uk/abuser/adam-stevenson
Paul Clarke,North Walworth,Distributes child abuse imagery,https://www.bbc.co.uk/news/uk-england-kent-65557543
William Jackson,St George's,Spouts racist hate,https://www.standard.co.uk/news/politics/conservative-candidate-racist-posts-harrow-council-b1279494.html
Jody Hanafin,Almond Hill,Protects personal interests,https://democracy.stevenage.gov.uk/mgListDeclarationsOfInterest.aspx?AIID=12459&ISAI=1
Jody Hanafin,Almond Hill,Leaves no paper trail,https://democracy.stevenage.gov.uk/mgListDeclarationsOfInterest.aspx?UID=265
Jody Hanafin,Almond Hill,Enforces moral standards,https://stevenage.gov.uk/council-and-democracy/councillors/councillors-code-of-conduct
Jan Bainbridge,Longmeadow,Funnels taxpayer money,https://eastherts.greenparty.org.uk/2026/02/20/green-councillors-call-for-standards-investigation-of-reform-spending/
Jan Bainbridge,Longmeadow,Bankrolls her husband,https://www.bishopsstortfordindependent.co.uk/news/herts-county-council-greens-call-for-spending-probe-after-re-9454947/
Jan Bainbridge,Longmeadow,Controls community coffers,https://democracy.hertfordshire.gov.uk/mgUserInfo.aspx?RPID=0&UID=27922
Billy Jones,Eccleston,Bullies staff and abuses power,https://www.gazettelive.co.uk/news/teesside-news/redcar-cleveland-council-liberal-democrat-33848307
Billy Jones,Eccleston,Eyes the seat,https://www.sthelensstar.co.uk/news/26010436.st-helens-all-out-local-elections---full-list-candidates-revealed/
Mark Barry Johnson,Sutton North West,Assaults political rivals,https://www.bbc.co.uk/news/uk-england-merseyside-20127301
Mark Barry Johnson,Sutton North West,Assaults political rivals,https://www.sthelensstar.co.uk/news/10064547.ex-council-boss-awaits-partys-verdict-on-assault-conviction/
Mark Barry Johnson,Sutton North West,Shoves political rivals,https://www.sthelensstar.co.uk/news/10018676.ex-council-leader-shoved-labour-candidate-as-town-hall-tensions-flared/
Denise Yvonne Fletcher,Cheadle West & Gatley,Betrays client trust,https://cilexregulation.org.uk/disciplinary-records/disciplinary-record-member-kf/
Denise Yvonne Fletcher,Cheadle West & Gatley,Fabricates legal documents,https://www.sra.org.uk/consumers/solicitor-check/7000703/
Peter Marsh,Edgeley,Denies racist slurs,https://www.manchestereveningnews.co.uk/news/greater-manchester-news/greater-manchester-reform-candidates-posts-33835032
John Howard Kelly,Hazel Grove,Insults war veterans,https://stockport.nub.news/news/general-election-2024/outrage-at-reform-uk-candidates-falklands-war-comments-233520
Jacqui Harris,"Bishop's Itchington, Fenny Compton & Napton",Minimizes anti-semitism,https://leamingtonobserver.co.uk/news/anti-semitism-row-sees-councillor-suspended-from-conservative-party-11792/
Jacqui Harris,"Bishop's Itchington, Fenny Compton & Napton",Defends controversial speech,https://leamingtonobserver.co.uk/news/stratford-district-councillor-cleared-after-anti-semitism-complaints-16665/
Christopher Hudson,Brook,Bullies and harasses others,https://www.eadt.co.uk/news/21605134.councillor-loses-committee-seat-bullying-probe/
Christopher Hudson,Brook,Bullies political colleagues,https://www.eadt.co.uk/news/21442898.councillor-dropped-tory-candidates-list-another-clash-party/
Christopher Hudson,Brook,Neglects council duties,https://www.ipswich.co.uk/articles/suffolks-reform-uk-council-leader-attended-one-parish-meeting-in-two-years
Michael Peter Anthony Hadwen,Felixstowe Clifflands,Harbors far-right sympathies,https://kentlocal.co.uk/controversial-reform-uk-aide-exits-kent-county-hall-following-social-media-outcry/
Michael Peter Anthony Hadwen,Felixstowe Clifflands,Abandons public service,https://www.kentonline.co.uk/kent/news/reform-uk-political-assistant-at-county-hall-steps-down-339022/
David Andrew Bowen,Framlingham & Wickham Market,Challenges the establishment,https://wikipedia.org/wiki/2026_Suffolk_County_Council_election
Asa Downing,Gipping Valley,Believes in conspiracies,https://www.eadt.co.uk/news/26019481.concerns-suffolk-reform-candidates-covid-19-posts/
Patti Mulcahy,Martlesham,Leaks party secrets,https://www.ipswichstar.co.uk/news/25753916.martlesham-councillor-plans-reform-move-suspension/
Patti Mulcahy,Martlesham,Rebels against leadership,https://www.ipswich.co.uk/conservative-councillors-told-how-to-vote-on-local-election-delays/
Patti Mulcahy,Martlesham,Leaks party secrets,http://www.eadt.co.uk/news/25753916.martlesham-councillor-plans-reform-move-suspension/
Philip James Faircloth-Mutton,Stour Valley,Opposes inclusive expression,https://www.stowmarketmercury.co.uk/news/25494907.councillors-move-conservative-reform-unsurprising/
Philip James Faircloth-Mutton,Stour Valley,Abandons his party,https://www.ipswichstar.co.uk/news/25478113.suffolk-councillor-philip-faircloth-mutton-joins-reform-uk/
David Jonathon Wren,Thedwastre North,Exploits vulnerable victims,https://www.policeconduct.gov.uk/news/former-essex-police-officer-sentenced-misconduct-public-office
Colin Wright,Grangetown,Preys on schoolgirls,https://madebyredrose.co.uk/abuser/colin-wright
Ian Jones,Hylton Castle,Sells public assets cheaply,http://mansfield.bailii.org/ew/cases/EWHC/QB/2016/866.html
Axel Tye,Penshaw & Shiney Row,Promotes antisemitic tropes,https://www.thejc.com/news/politics/reform-candidate-mural-anti-jewish-dhjw7qfl
Elizabeth Anne Brown,Washington North,Fights for stolen wages,https://www.gov.uk/employment-tribunal-decisions/miss-e-brown-v-sunderland-gp-alliance-ltd-2502213-slash-2022
Lauren Simpson,Carshalton Central,Lies to clients,https://solicitorstribunal.org.uk/wp-content/uploads/2025/07/12711-2024.Simpson.pdf
Lauren Simpson,Carshalton Central,Disgraced former solicitor,https://www.legalchoices.org.uk/records/laura-elizabeth-simpson
Arlene Dearlove,Carshalton South & Clockhouse,Profits from fake nonprofits,https://insidecroydon.com/2025/04/26/top-fan-of-islamophobe-comic-is-reform-pick-for-by-election/
David Sykes,Wallington South,Endangers lives with gas,https://resources.hse.gov.uk/notices/notices/notice_details.asp?SF=CN&SV=314017145
David Sykes,Wallington South,Abuses colleagues and abandons clients,https://mansfield.bailii.org/ew/cases/EWHC/Admin/2018/761.html
Martin Costello,"Badbury Park, Eldene & Liden",Spreads dangerous conspiracies,https://www.swindonadvertiser.co.uk/news/26046331.reform-investigating-two-swindon-candidates/
Martin Costello,"Badbury Park, Eldene & Liden",Aggressive COVID-19 agitator,https://www.swindonadvertiser.co.uk/news/19254420.complaint-candidates-conduct-primark/
Martin Costello,"Badbury Park, Eldene & Liden",Fights perceived bias,https://www.swindonadvertiser.co.uk/news/16996377.martin-costello-launches-complaint-councillors-said-question-racially-motivated/
Simon Lee Howard,"Badbury Park, Eldene & Liden",Spouts hateful rhetoric,https://www.swindon24.co.uk/news/politics/reform-candidates-under-investigation/
Martyn Graham Pearce,Penhill & Pinehurst,Neglects public safety,https://www.fleetnews.co.uk/news/truck-news/2017/03/29/non-compliance-leads-to-transport-manager-s-indefinite-disqualification
Terrence David Reynolds,Queen's Park,Spouts hateful rhetoric,https://www.swindonadvertiser.co.uk/news/26027414.swindon-reform-candidates-anti-muslim-social-media-posts/
Terrence David Reynolds,Queen's Park,Spouts hateful rhetoric,https://www.swindon24.co.uk/news/politics/reform-candidates-under-investigation/
Terrence David Reynolds,Queen's Park,Spreads racist hate,https://www.swindonadvertiser.co.uk/news/26036976.calls-oust-swindon-election-candidate-deeply-racist-posts/
Paul Turner,Stonydelph,Abuses public funds,https://debunkingtamworth.com/2023/11/paul-turner-and-the-5k-masonic-grant/
Tom Kelly,Belhus,Facilitates corrupt deals,https://thurrock.nub.news/news/local-news/calll-for-probe-into-council-planning-committee-decisions-which-critics-claim-leave-authority-open-to-charges-of-bias-and-corruption-193341
Tom Kelly,Belhus,Bankrupted the council and destroys nature,https://thurrock.nub.news/news/local-news/thurrock-tory-councillor-defects-to-reform-ahead-of-elections-290861
Tom Kelly,Belhus,Engages in political corruption,https://thurrock.nub.news/news/local-news/corruption-at-thurrock-council-is-it-hidden-in-plain-sight-police-close-down-bribery-investigation-after-saying-there-is-no-prospect-of-a-conviction-but-many-issues-remainy-221498
Ian Croom,Corringham & Fobbing,Demands political upheaval,https://www.yourthurrock.com/2026/04/10/thurrock-elections-2026-list-of-candidates/
Ian Croom,Corringham & Fobbing,Facilitates council bribery,https://thurrock.nub.news/news/local-news/corruption-at-thurrock-council-is-it-hidden-in-plain-sight-police-close-down-bribery-investigation-after-saying-there-is-no-prospect-of-a-conviction-but-many-issues-remainy-221498
Russ Cherry,Ockendon,Spreads far-right hate,https://www.yourthurrock.com/2025/05/10/reform-uk-councillors-face-allegations-of-sharing-far-right-and-islamophobic-content/
Steve Taylor,Heaton,Manipulates planning outcomes,https://thurrock.nub.news/news/local-news/developers-threaten-authority-with-punitive-legal-action-against-individuals-and-accuse-respected-countryside-campaigner-of-lying-to-planning-commitee-council-response-is-to-recommend-u-turn-on-rejected-proposal-289561
Richard Audubon Bingley,Stifford,Destroys mature trees,http://www.guardian.co.uk/politics/2026/apr/15/tory-and-labour-councillor-richard-bingley-joins-reform-may-elections-thurrock
Stuart Craig Niven,Altrincham,Steals Covid funds,https://www.guardian.co.uk/politics/2026/mar/20/reform-uk-suspends-scottish-candidate-stuart-niven
Stuart Craig Niven,Altrincham,Steals taxpayer funds,https://martini.heraldscotland.com/news/25953458.reform-uk-suspends-dundee-candidate-covid-loan-misuse/
Stuart Craig Niven,Altrincham,Steals taxpayer money,https://www.dailyrecord.co.uk/news/politics/reform-uk-suspends-holyrood-candidate-36898331
Michelle Lesley McCusker,Bowdon,Commits teacher misconduct,https://www.gov.uk/government/publications/teacher-misconduct-panel-outcome-ms-michelle-mccusker
Anthony Shaw,Timperley North,Betrays professional trust,https://www.gov.uk/government/publications/teacher-misconduct-panel-outcome-mr-anthony-shaw
Steven Sylvester Lewis,Normanton,Exposes police corruption,https://www.gov.uk/employment-tribunal-decisions/mr-s-lewis-v-the-chief-constable-of-west-yorkshire-police-6007732-slash-2024
Nick Farmer,Ossett,Spouts offensive slurs,https://www.bbc.com/news/uk-england-leeds-44068337
Paul Jackson,Wakefield West,Commits police misconduct,https://misconduct999.com/outcome/pc-paul-jackson-2/
Gareth Thomas,Bethnal Green East,Orchestrates political purges,https://harrowmonitoringgroup.uk/2022/09/28/harrow-west-mp-named-in-labour-conduct-investigation/
Paul Antony Lunn,Bentley & Darlaston North,Banned from teaching,https://www.gov.uk/government/publications/teacher-misconduct-panel-outcome-mr-paul-lunn
Elaine Ruth Williams,Short Heath,Accuses financial sabotage,https://www.birminghammail.co.uk/black-country/reform-leader-accuses-tory-council-32810583
Matt Davis,Chingford Green,Squanders taxpayer millions,https://www.guardian-series.co.uk/news/9165147.waltham-forest-details-emerge-councils-ties-failed-charity/
Matt Davis,Chingford Green,Weaponizes child abuse victims,https://www.guardian-series.co.uk/news/10179435.tory-chief-accused-insulting-uckg/
Marion Fitzgerald,Hatch Lane & Highams Park North,Fails local children,https://www.guardian-series.co.uk/news/12962525.party-defends-councillors-position-education-panel-damning-ofsted-report/
Michaela Steele,Upper Walthamstow,Endangers children in care,https://www.bailii.org/uk/cases/UKFTT/HESC/2025/1549.html
Michaela Steele,Upper Walthamstow,Endangers vulnerable children,https://beta.bailii.org/uk/cases/UKFTT/HESC/2024/776.html
Michaela Steele,Upper Walthamstow,Runs unsafe daycare,https://beta.bailii.org/uk/cases/UKFTT/HESC/2025/128.html
Ella Worthington,Old Skelmersdale,Peddles suspect schemes,https://council.lancashire.gov.uk/mgDeclarationSubmission.aspx?FID=0&HID=4134&HPID=0&UID=33800
Simon Evans,Ormskirk East,Alleges political discrimination,https://lancashire.thelead.uk/p/reform-uk-deputy-leader-plans-tribunal
Simon Evans,Ormskirk East,Claims political persecution,https://southport.thelead.uk/p/lancs-councillor-planning-legal-action
Alan Mendoza,Abbey Road,Funds illegal occupation,https://www.thecanary.co/uk/analysis/2026/04/16/alan-mendoza-reform-councillor/
Alan Mendoza,Abbey Road,Juggles corporate interests,https://committees.westminster.gov.uk/mgDeclarationSubmission.aspx?UID=20772&HID=617&FID=0&HPID=0
Alan Mendoza,Abbey Road,Architects global strategy,http://henryjacksonsociety.org/people/professional-staff/directors/dr-alan-mendoza
Lars Agren,Harrow Road,Fields sham candidates,https://www.mylondon.news/news/west-london-news/london-reform-paper-candidates-resign-33747928
Samuel Harwood,St James's,Evades offender monitoring,https://madebyredrose.co.uk/abuser/samuel-harwood-bv8vus
Neil Harrison,Westbourne,Commits criminal acts,https://solicitorstribunal.org.uk/case/9873/
James Bembridge,West End,Mocks human suffering,https://www.standard.co.uk/news/london/reform-investigating-westminster-election-candidate-social-media-posts-nhs-b1279504.html
James Bembridge,West End,Mocks human suffering,https://www.mylondon.news/news/zone-1-news/reform-investigating-candidate-over-alleged-33777408
James Bembridge,West End,Mocks war victims,https://www.aol.com/news/reform-investigating-candidate-over-alleged-145448398.html
Natalie King,Carterton South,Abuses staff and colleagues,https://www.witneygazette.co.uk/news/26014443.carterton---complaint-ex-lib-dem-councillor-upheld/
Natalie King,Carterton South,Alienates her colleagues,https://www.thisisoxfordshire.co.uk/news/25887040.oxfordshire-lib-dem-defects-reform-uk-suspension/
Natalie King,Carterton South,Hides property secrets,https://meetings.westoxon.gov.uk/mgRofI.aspx?FID=-1&HPID=0&UID=663
Anatoly Belnik,Camberley East,Prioritizes aesthetics over lives,https://www.getsurrey.co.uk/news/surrey-news/surrey-property-developer-installed-inherently-32865594
Diane James,Cranleigh & Ewhurst,Defies democratic protocols,https://www.getsurrey.co.uk/news/local-news/waverley-faces-official-complaint-4837883
Diane James,Cranleigh & Ewhurst,Spreads political falsehoods,https://www.godalmingandashconservatives.org.uk/news/waverley-borough-council-was-victim-fraud
Dennis Paul,Guildford East,Betrays political allies,https://guildford-dragon.com/guildford-conservatives-suspend-member-because-of-his-letter-to-the-dragon/
Amar Brar,Laleham & Shepperton,Escapes toxic bullying,https://losra.org/item/1237-departure-of-6-councillors-ends-45-years-of-conservative-majority-rule-in-spelthorne
Amar Brar,Laleham & Shepperton,Abandons civic duties,https://democracy.spelthorne.gov.uk/mgAttendance.aspx?DR=08%2F03%2F2023+-+31%2F08%2F2023&UID=666
Amar Brar,Laleham & Shepperton,Spouts divisive rhetoric,https://www.getsurrey.co.uk/news/surrey-news/spelthorne-elections-candidates-west-surrey-33748010
Stuart Boyle,Staines,Scorns local leadership,https://www.facebook.com/spelthornebc/posts/spelthorne-borough-council-held-an-extraordinary-council-meeting-on-thursday-4-s/1076556971314975/
Graham Ellwood,Waverley Eastern Villages,Abuses public office,https://guildford-dragon.com/labour-says-tory-showed-scant-regard-for-others-when-he-asked-for-his-own-road-to-be-repaired/
Graham Ellwood,Waverley Eastern Villages,Misuses public funds,https://www.getsurrey.co.uk/news/surrey-news/merrow-councillors-cul-de-sac-15543506
Gary Markwell,Bersted,Attacks diversity initiatives,https://www.theargus.co.uk/news/24940184.reform-uk-councillor-says-county-council-cut-diversity-staff/
Grainne Conway,Ifield,Neglects the vulnerable,https://www.independent.ie/irish-news/nurse-is-struck-off-following-leas-cross-inquiry/28822721.html
Grainne Conway,Ifield,Neglects vulnerable patients,http://irishexaminer.com/maintopics/person-grainne-paula-conway_topic-3242243.html
Grainne Conway,Ifield,Bullies her employees,https://www.theargus.co.uk/news/5153939.council-chief-sacked-for-bullying/
Simon Junior Leach,Bramber Castle,Exploits vulnerable clients,https://www.socialworkengland.org.uk/umbraco/surface/hearingdetails/download?docid=5050218&hearingid=4435
Robert Charles Nye,"Itchingfield, Slinfold & Warnham",Faces financial ruin,https://www.aahorsham.co.uk/content/robertynye
Steven Jackson,Worthing East,Violates professional standards,https://www.gov.uk/government/publications/teacher-misconduct-panel-outcome-mr-steven-jackson
Luke William Houghton,Worthing Pier,Betrays voter trust,https://www.theargus.co.uk/news/25192618.worthing-conservative-councillor-defects-reform-uk/
Luke William Houghton,Worthing Pier,Betrays public trust,http://m.theargus.co.uk/news/25645550.worthing-new-reform-uk-group-council-defections/
Luke William Houghton,Worthing Pier,Conceals sensitive secrets,https://democracy.adur-worthing.gov.uk/mgDeclarationSubmissionPrintView.aspx?nobdr=1&UID=556&HID=252&FID=0&HPID=0
Adrian White,Tyldesley & Mosley Common,Sexually assaults children,https://www.facebook.com/PoliceMacc/posts/a-man-has-been-jailed-after-sexually-assaulting-a-childadrian-white-of-handforth/909830504600793/
Lee Moffitt,Wigan Central,Hypocritical HMO profiteer,https://www.manchestereveningnews.co.uk/news/greater-manchester-news/reform-candidate-who-vows-reduce-32467728?int_source=nba
Lee Moffitt,Wigan Central,Profiteering hypocrite,https://www.wigantoday.net/news/politics/wigan-reform-candidate-in-hmo-hypocrisy-row-5321624
Frances Baxter,Central Meon Valley,Endangers public safety,https://www.hampshirechronicle.co.uk/news/14739596.headbourne-worthy-woman-frances-baxter-fined-for-speeding/
Frances Baxter,Central Meon Valley,Targets political opponents,https://medium.com/@Eques4/my-response-to-cathy-newmans-c4-news-blog-about-alleged-labour-party-intimidation-f23268224045
David Ernest Simons Delmonte,St Michael,I'm still learning and can't help with that. Do you need help with anything else?,https://salisburyandavon.co.uk/man-pleads-guilty-to-making-indecent-images-of-children/
John Anthony Sydney Halsall,Norreys,Conceals secret interests,https://www.bracknellnews.co.uk/news/18308887.wokingham-council-leader-john-halsall-faces-resignation-call/
Parry Batth,Shinfield,Stifles minority voices,https://www.bracknellnews.co.uk/news/19491263.wokingham-council-admits-bme-forum-suspended/
Armin Berenjian,Bushbury South & Low Hill,Gambles with pensions,https://fca.org.uk/publication/final-notices/geoffrey-edward-armin-2023.pdf
Armin Berenjian,Bushbury South & Low Hill,Jeopardizes retirement savings,https://fca.org.uk/publication/decision-notices/geoffrey-edward-armin-decision-notice-2021.pdf
Dave Evans,East Park,Flouts road laws,https://www.bbc.co.uk/news/articles/cp842jgy9n3o
Dave Evans,East Park,Flouts road safety rules,https://www.stokesentinel.co.uk/news/stoke-on-trent-news/deputy-commissioner-resigns-safer-roads-10913941
Dave Evans,East Park,Flouts road safety laws,https://www.bbc.co.uk/news/articles/crm8ek1gm8lo
Im Stanley,Merry Hill,Lacks basic compassion,https://www.birminghammail.co.uk/black-country/outrage-reform-uk-councillor-calls-31944736
Kat Stanley,Park,Lacks basic compassion,https://www.bbc.com/news/articles/c24v1010p90o
Kat Stanley,Park,Lacks basic compassion,https://www.expressandstar.com/news/health/2025/06/28/bilston-reform-councillor-causes-uproar-over-comments-made-about-a-colleague-with-cancer/
Kat Stanley,Park,Attacks the sick,https://www.birminghammail.co.uk/black-country/outrage-reform-uk-councillor-calls-31944736
James Taylor,St Peters,Endangers public safety,https://mansfield.bailii.org/ew/cases/EWHC/QB/2016/878.html
Luke William Houghton,Worthing Pier,Betrays voter trust,https://www.theargus.co.uk/news/25192618.worthing-conservative-councillor-defects-reform-uk/
Luke William Houghton,Worthing Pier,Hides sensitive secrets,https://democracy.adur-worthing.gov.uk/mgDeclarationSubmissionPrintView.aspx?nobdr=1&UID=556&HID=252&FID=0&HPID=0
Luke William Houghton,Worthing Pier,Betrays public trust,http://m.theargus.co.uk/news/25645550.worthing-new-reform-uk-group-council-defections/
